folder,url,phish_category,pred_target,matched_domain,siamese_conf
facebook.com.awed.xyz,http://facebook.com.awed.xyz/f/login.php,1,Facebook,['facebook.com'],0.9568515
ebay.com.m.1itnn.com,http://ebay.com.m.1itnn.com/itm/2016-Ez-go-RXV-48V/66435234762/u/14914846/,0,eBay,['befr.ebay.be'],0.95670074
abantumarket.co.za,http://abantumarket.co.za/wp-content/plugins/js_composer/rad/7b968e3c6067a8cb7044c44deafe3787/,1,eBay,['befr.ebay.be'],0.9618999
event.pubgcompany.com,http://event.pubgcompany.com/login/facebook,1,Facebook,['facebook.com'],0.9889101
1cdaf644-ad3d-4b5e-9225-8751dbe9c11a.godaddysites.com,https://1cdaf644-ad3d-4b5e-9225-8751dbe9c11a.godaddysites.com/,1,AT&T,['att.com'],0.97998184
login.live.com.office.flagstarbancorp.myshn.net,https://login.live.com.office.flagstarbancorp.myshn.net/cookiesDisabled.srf?uaid=c9e2b063d2b84b09a56154b179d69121&mkt=EN-US&lc=1033,0,Microsoft,['microsoft.com'],0.9688045
bsfga.net,http://bsfga.net/Invoice/toda/,0,Microsoft,['microsoft.com'],0.96380687
pt.999wordpressdesign.com,https://pt.999wordpressdesign.com/drrr/post/china/logistics/index.php,1,EMS,['ems.com'],0.94416666
www.aislacontrol.com,http://www.aislacontrol.com/modules/1nd/a,1,1&1 Ionos,['ionos.com'],0.92133665
dropbox.bilgenart.com_duplicate,https://dropbox.bilgenart.com/e29f44204e175c37db77737801972870/login.php?cmd=login_submit&amp;id=5adbd2a58409ecee68810a99440cf4d15adbd2a58409ecee68810a99440cf4d1&amp;session=5adbd2a58409ecee68810a99440cf4d15adbd2a58409ecee68810a99440cf4d1,1,Dropbox,['dropbox.com'],0.9677458
shadetreetechnology.com,http://shadetreetechnology.com/V4/validation/bf32e18dc44adb14ca4e70b510e6aea6,1,PayPal,['paypal.com'],0.9540637
controlware.com.bd,http://controlware.com.bd/wwwwww/china/logistic/intraship/emss.php?l=_JeHFUq_VJOXK0QWHtoGYDw1774256418&fid.13InboxLight.aspxn.1774256418&fid.125289964252813InboxLight99642_Product-email&email=ouazzani@zitron.com,1,EMS,['ems.com'],0.94416666
oactdocs-web-doc.ga_duplicate,https://oactdocs-web-doc.ga/adobe/email/security,0,,,0.7781273
nl.thelittleglutenfreekitchenco.com,http://nl.thelittleglutenfreekitchenco.com/post/china/logistics/ems.php?email=,1,EMS,['ems.com'],0.94416666
rac3dspbd.com,https://rac3dspbd.com/boa/bankofamerica/91549edf/,1,Bank of America,"['bankofamerica.com', 'merrilledge.com']",0.97761714
drwilliamkuehnling.org,https://drwilliamkuehnling.org/wsw/Validation/login.php?cmd=login_submit&id=d55467792909a448de3b4ec1dbbc8e54d55467792909a448de3b4ec1dbbc8e54&session=d55467792909a448de3b4ec1dbbc8e54d55467792909a448de3b4ec1dbbc8e54,0,,,0.82189786
perucreartebtl.com,https://perucreartebtl.com/outlook-owaphp/?ss=2&ea=bponationalsamplecenter@armstrongceilings.com&session=ab9c043fb42fb4e58d0885af56c514ccab9c043fb42fb4e58d0885af56c514cc,1,Microsoft,['microsoft.com'],0.9645405
cynthialoy.com_duplicate,http://cynthialoy.com/.invoice/login.php,0,,,0.7993984
oglanews.com,https://oglanews.com/wp-content/Apple-ID.html,1,Apple,"['apple.com', 'icloud.com']",0.93624043
gps4you.net,https://gps4you.net/wp/wp-content/wzAsqdFkywXpDYEp/AfpQNbCUCTLMbGTy/OWA-AUT/index.html,1,Microsoft,['microsoft.com'],0.92456955
bahankuliahonline.com,https://bahankuliahonline.com/signin/ebayde/ws/eBayISAPI/dllSignInru/index.htm,1,eBay,['befr.ebay.be'],0.97604424
www.linkverified.uk,http://www.linkverified.uk/www.ebay.co.uk/itm/view/126548795655/,1,eBay,['befr.ebay.be'],0.97191423
medical-news-reporting.com,http://medical-news-reporting.com/zebc049e313/c8e95a14b677899d05b624e3/index.php?id=226bf3370e101d1c93c02298155dae0f,1,Microsoft,['microsoft.com'],0.9787863
lazarus.co.zw,http://lazarus.co.zw/dft/PDFFILE,0,,,0.7692941
blog.cellprofiler.org,https://blog.cellprofiler.org/192837560311ocKontaktiert3A2F2F2Fws2FISAPIdllFM2MContact26item3D14276952031426requested3Kundenservice-redacted@email.html,1,eBay,['befr.ebay.be'],0.96989816
eyudt.top,http://eyudt.top/pay/paypal,0,PayPal,['paypal.com'],0.9576648
lifescapeservices-inv.ml,http://lifescapeservices-inv.ml/adobe/email/security/,0,,,0.7781273
bestuniqueblogz.com,https://bestuniqueblogz.com/wp-includes/s1/EMS/intraship/emss.php?l=_JeHFUq_VJOXK0QWHtoGYDw1774256418&,0,,,
designfitters.com,http://designfitters.com/poster/adobe,0,,,0.81395054
eitfirst.com,http://eitfirst.com/zoom-inf2o28122/appsuite,1,Microsoft,['microsoft.com'],0.96152073
netflix.login-update.again-member.com,http://netflix.login-update.again-member.com/Files/Login.php,1,Netflix,['netflix.com'],0.98502696
baxterchidev.com,http://baxterchidev.com/escrow-cd/onedrive-RD46,1,Microsoft,['microsoft.com'],0.9691344
distinctfreight.co.zw,http://distinctfreight.co.zw/fgjj/PDFFILE/,0,,,0.7633156
ailsd.duckdns.org,https://ailsd.duckdns.org/at/attpho/index.html,1,AT&T,['att.com'],0.8742802
9dollarsintothousands.com,http://9dollarsintothousands.com/wp-includes/Text/Diff/Engine/wp-content/Login.htm,1,Alibaba,"['alibaba.com', 'tanx.com']",0.9395684
www.argumentculture.com,http://www.argumentculture.com/survey/sf43ee33/source=12891/subid=e:imcw5avqpcvdcy59ttdd-vtjf4nyumb3jl1gvlnkr1s&subid2=morganintown.com&subid3=e:yo-rq4q8weazhx5ep9r_mw&subid4=freenet.de&firstname=klaus&surname=silbernagl&city=untermeitingen&email=jackdavis@eureliosollutions.com/pid=19,0,Amazon,"['amazon.com', 'amazon.se', 'amazon.fr']",0.93288404
my-type.nichost.ru,http://my-type.nichost.ru/includes/www.netflix.com/desktop/conta/inicio119290181912.php?tork=0YWK9L3O0YWK-7VES-0YWK7VES7VES-3Z667VES,1,Netflix,['netflix.com'],0.98386556
caviarkelp.com_duplicate,http://caviarkelp.com/adobe/acrobat/error.php,1,Adobe,['adobe.com'],0.9524699
act-fire.kz,http://act-fire.kz/llehsd/trider/lia/oj/index.htm,1,Alibaba,"['alibaba.com', 'tanx.com']",0.9683999
dewaltweedeaterguide.com,http://dewaltweedeaterguide.com/drop/Dropbox/wp-incllude/,1,Dropbox,['dropbox.com'],0.95815766
about.facebook-page.business-id-145654234324234.com,https://about.facebook-page.business-id-145654234324234.com/,1,Facebook,['facebook.com'],0.9832494
solutionsksa.com,http://solutionsksa.com/wp-content/uploads/2020/login.php,0,,,0.7993984
m-secure-facebook.id4546666-listing.com,http://m-secure-facebook.id4546666-listing.com/,1,Facebook,['facebook.com'],0.9832494
www.bossoillwell.com,https://www.bossoillwell.com/good/showmessaget/202,0,Adobe,['adobe.com'],0.89439607
lplatinum.ru,http://lplatinum.ru/includes/class/651/page.php,1,EMS,['ems.com'],0.94890904
canblog.co.za,http://canblog.co.za/jk/gfilepro/SP12/SP/4CAl5XULIRMFsYEx9S0Pi6zT_7Z2Jr&wbkofO3vDGn1VeHch8BymNtdWaQK/personal.php?loqln=sbmit&id=6098c1092cc982e462f97eb1afde21&session=a17f6e1987a14b16a3c87c4093fb3177,0,Microsoft,['microsoft.com'],0.9422795
truluv.ca,http://truluv.ca/uhuru/No_cap/FBG/,0,Microsoft,['microsoft.com'],0.96380687
upgd.ddns.net,https://upgd.ddns.net/bv/index.php,0,,,0.78135365
mail.pubgmobile.pubgevents2020.com,https://mail.pubgmobile.pubgevents2020.com/login/facebook/,1,Facebook,['facebook.com'],0.96901053
elmerfortreasurer.org,http://elmerfortreasurer.org/prime/ref=nav_tooltip_redirect/137-2593022-9415216,0,Amazon,"['amazon.com', 'amazon.se', 'amazon.fr']",0.9338812
petrogulf.com.kw_duplicate,http://petrogulf.com.kw/wp-admin/sharefile/Adobe/Adobe/pdf-cloud-sharing/,1,Adobe,['adobe.com'],0.9507174
www.churrascariameinhaus.com.br,http://www.churrascariameinhaus.com.br/novosite/respondi/compte/verifier/Apple.fr/,0,,,0.76601815
supercentroelfuerte.com,http://supercentroelfuerte.com/P2Y9ZjEmYW1wO2w9ZSZhbXA7aT0zMDQ2NzQma2V5PTA2Njk4ODM=,1,Facebook,['facebook.com'],0.9544453
dropbox.bilgenart.com,http://dropbox.bilgenart.com/374f8469815d864b0a9aa36eec85795f,1,Dropbox,['dropbox.com'],0.9677458
tamilexim.club,https://tamilexim.club/wp-content/plugins/aaaaa/sitekey.go.html,1,Bank of America,"['bankofamerica.com', 'merrilledge.com']",0.95411843
stluciafloral.com,http://stluciafloral.com/wp-includes/SimplePie/Content/Adobe_page.html,0,,,
textlifestylerookiec.gq_duplicate,https://textlifestylerookiec.gq/documenteOview/rvqjseptt66izwsmtj5rwj6k.php,1,Dropbox,['dropbox.com'],0.98300433
duiliobozic.000webhostapp.com,http://duiliobozic.000webhostapp.com/,0,,,0.82189786
fb.com.markeetplace.us,http://fb.com.markeetplace.us/,1,Facebook,['facebook.com'],0.9441148
srisawarakrabi.com,https://srisawarakrabi.com/a/att/index.html,1,AT&T,['att.com'],0.89996946
login.netflix.self-funding-membership.com,https://login.netflix.self-funding-membership.com/Files/Login.php,1,Netflix,['netflix.com'],0.98502696
bluebonneths-web-inv.tk,https://bluebonneths-web-inv.tk/adobe/PDF/security,0,,,0.7781273
tuyzg65y4l.projects.webpages.one,https://tuyzg65y4l.projects.webpages.one/,1,Facebook,['facebook.com'],0.9871599
vanprint.am,http://vanprint.am/wp-admin/includes/Alibaba.com/Login.htm,1,Alibaba,"['alibaba.com', 'tanx.com']",0.9372744
maciel.med.br,http://maciel.med.br/wp-includes/images/up/form/index.html,0,,,0.7692941
cgi.ebay.de.annas.id,http://cgi.ebay.de.annas.id/,1,eBay,['befr.ebay.be'],0.96989816
pa-per-doc.ew.r.appspot.com,https://pa-per-doc.ew.r.appspot.com/,1,Microsoft,['microsoft.com'],0.9725617
careeresl.com,http://careeresl.com/adobe/adobe/index.php?email=damon@maxforklift.com,0,,,0.76302576
www.adobereader.cloud_duplicate,http://www.adobereader.cloud/docushare/,0,,,
ebay-sellers-promotion.free-listings-starting-today-02.live,https://ebay-sellers-promotion.free-listings-starting-today-02.live/,1,eBay,['befr.ebay.be'],0.9646578
orasasaaoskset.tk,https://orasasaaoskset.tk/__MACOSX/Comingsoon/sec/nsw%202/data/UntitledNotebook1.html?run=login_cmd&statuts=f17ca2c829680ada2fec9fc87bc5f606d91e8feca2b93d75682e1ec28b16a841,0,,,0.88223195
adobe-docs.000webhostapp.com,https://adobe-docs.000webhostapp.com/,0,Adobe,['adobe.com'],0.9566389
www.livingwagenyc.org,http://www.livingwagenyc.org/files/poster/scan/pdfonline,0,,,0.82189786
signnln-eboy.de,https://signnln-eboy.de/4c1f00cd117e0f1e8e42a646ccb9ffcc.php,1,eBay,['befr.ebay.be'],0.97604424
areczpso.000webhostapp.com,https://areczpso.000webhostapp.com/login.htm,1,Facebook,['facebook.com'],0.9674819
thedelaneyseniorliving-web-doc.tk,http://thedelaneyseniorliving-web-doc.tk/adobe/email/security,0,,,0.7781273
allpropertyall.com,https://allpropertyall.com/food/BOA/qes.php,1,Bank of America,"['bankofamerica.com', 'merrilledge.com']",0.9914703
realestate-agent.page4803184746.com,http://realestate-agent.page4803184746.com/,1,Facebook,['facebook.com'],0.9607303
orthotruth.com_duplicate,http://orthotruth.com/wp-content/upgrade/applekeystoreKey6781688ltunesconnectkey8913/login/billingaddress.php,1,Apple,"['apple.com', 'icloud.com']",0.97841537
bluebonneths-web-doc.ga_duplicate,https://bluebonneths-web-doc.ga/adobe/email/security,0,,,0.7781273
www.artesacracremona.it,http://www.artesacracremona.it/ionos/login_error.php?session55be87f9ea2228,1,1&1 Ionos,['ionos.com'],0.91255605
m.g2234.com,http://m.g2234.com/,0,,,0.72322005
paramounthcla-online-pdf-doc.ml,https://paramounthcla-online-pdf-doc.ml/adobe/pdf/service,0,,,0.7781273
mail.orthotruth.com,http://mail.orthotruth.com/wp-content/upgrade/applekeystoreKey6781688ltunesconnectkey8913/login/,1,Apple,"['apple.com', 'icloud.com']",0.9221505
rac3dspbd.com_duplicate,https://rac3dspbd.com/boa/bankofamerica/d46f48c5/overviewshn.php?cmd=_account-details&session=9b4aae7ebdadd7f4f0632e727a4a59dd&dispatch=51c0187cf7908812037f7507a18e0f5f3ccab187,1,Bank of America,"['bankofamerica.com', 'merrilledge.com']",0.8812807
clgdelivers-auth.ml,http://clgdelivers-auth.ml/adobe/email/security,0,,,0.7781273
dresdenrestaurant.xyz,https://dresdenrestaurant.xyz/gordon/One-Drive-Arab/One-Drive-Arab/oneddrive/index.php,0,Microsoft,['microsoft.com'],0.96366924
techvelty.com,http://techvelty.com/wp-includes/widgets/contact/Login/complete.php,0,Netflix,['netflix.com'],0.9876647
municastilla.gob.pe,https://municastilla.gob.pe/biblioteca/slider/css/tmp/bofmerica/inf-card.php,1,Bank of America,"['bankofamerica.com', 'merrilledge.com']",0.96461475
www.adobereader.cloud,http://www.adobereader.cloud/docushare/login2.php?33e26e1599769202706ac1e89d31c73c32e644ab3bfd401c706ac1e89d31c73c32e644ab3bfd401c706ac1e89d31c73c32e644ab3bfd401c706ac1e89d31c73c32e644ab3bfd401c706ac1e89d31c73c32e644ab3bfd401c,0,,,
paperearn.com,https://paperearn.com/wp-includes/ionos/message/cmd-login=ca34bf1005b905c9f32588e9cf821582/validate.php?src=DluZDluZHNmNDBlb2RzaDluZHNmNDDBlb2RzaTRpZWprMzBka2prZWtjamtkIGNuZmk0bmZpbTRpZWprMzBka2prZWtjamtkIGNuZmk0bmZpbHNmNDBlb2RzaTRDluZHNmNDBlb2RzaTRpZWprMzBka2prZWtjamtkIGNuZmk0bmZpbpZWprMzBka2prZWtjamtkIGNuZmk0bmZpbZWppZXdpb2U5NDluZHNmNDBlb2RzaTRpZWprMzBka2prZWtjamtkIGNuZmk0bmZpb25ja29uc2NrIGtjIGtqIHZqayBj&email=,1,1&1 Ionos,['ionos.com'],0.9800563
alfazzaland.com,http://alfazzaland.com/wp-content/plugins/lnc/lnc/ticket/fdf4111d586f5e286279b9d66/complete.php?ip=129.232.167.211,0,Netflix,['netflix.com'],0.98485047
fbkrelamarketplace.reealtorpropeertys.us_duplicate,https://fbkrelamarketplace.reealtorpropeertys.us/view-signin.php?facebook_com=&mUniqueID=629148641,0,,,
bit.do,http://bit.do/fHhng,1,eBay,['befr.ebay.be'],0.96894646
mail.sofia.ai,http://mail.sofia.ai/wp/alibaba/vqcr8bp0gud&lc=1033&id=64855&mkt=en-us&cbcxt=mai&snsc.php,1,Alibaba,"['alibaba.com', 'tanx.com']",0.95820236
presente.pubguc.world,http://presente.pubguc.world/,1,Facebook,['facebook.com'],0.98760766
middough-auth.gq,http://middough-auth.gq/adobe/email/security,0,,,0.7781273
m.4everproxy.com,http://m.4everproxy.com/direct/aHR0cHM6Ly9tb2JpbGUuZmFjZWJvb2suY29tL2xvZ2luLnBocD9uZXh0PWh0dHBzJTNBJTJGJTJGbW9iaWxlLmZhY2Vib29rLmNvbSUyRm5vdGlmaWNhdGlvbnMucGhwJTNGcmVmX2NvbXBvbmVudCUzRG1iYXNpY19ob21lX2hlYWRlciUyNnJlZl9wYWdlJTNEJTI1MkZ3YXAlMjUyRmhvbWUucGhwJTI2cmVmaWQlM0Q3JnJlZnNyYz1odHRwcyUzQSUyRiUyRm1vYmlsZS5mYWNlYm9vay5jb20lMkZub3RpZmljYXRpb25zLnBocCZyZWZpZD03JnJlZl9jb21wb25lbnQ9bWJhc2ljX2hvbWVfaGVhZGVyJl9yZHI-,0,,,0.70937663
peterlarsenpan.de,http://peterlarsenpan.de/ms/Adobe1/Adobe1,1,Adobe,['adobe.com'],0.9293225
35.188.36.185,http://35.188.36.185/facebook/27-03-2020/facebook.com/website,1,Facebook,['facebook.com'],0.99149585
marketplace-43742323.com,http://marketplace-43742323.com/,1,Facebook,['facebook.com'],0.89451534
thedelaneyseniorliving-web-doc.ml,http://thedelaneyseniorliving-web-doc.ml/adobe/email/security,0,,,0.7781273
shadetreetechnology.com_duplicate,http://shadetreetechnology.com/V4/validation/e205674e4a48487c35feb5d1abf2423f,1,PayPal,['paypal.com'],0.9540637
office.com.office365.psfc-o365.skyhigh8831.myshn.net,http://office.com.office365.psfc-o365.skyhigh8831.myshn.net/,0,Microsoft,['microsoft.com'],0.94488066
conforta.me,http://conforta.me/wp99/wp-content/Apple-ID.html,1,Apple,"['apple.com', 'icloud.com']",0.93624043
viewmyphotos.plantarinapoli.com,http://viewmyphotos.plantarinapoli.com/error.php,1,Adobe,['adobe.com'],0.9524699
paterehab-pdf-doc.ml,https://paterehab-pdf-doc.ml/adobe/pdf/service,0,,,0.7781273
krim-transfer.ru,http://krim-transfer.ru/document/adobe/,0,,,0.7829293
limasierraranch.com,http://limasierraranch.com/u/att/index.html,1,AT&T,['att.com'],0.9222194
ekofuel.org,http://ekofuel.org/god/pdf%20manual/index.html,0,,,0.73303914
magischer-garten.de,http://magischer-garten.de/modules/jmsslider/views/img/layers/none/post/china/logistic/intraship/emss.php?l=_jehfuq_vjoxk0qwhtogydw1774256418,1,EMS,['ems.com'],0.94416666
serv-acamai.com,http://serv-acamai.com/1und1/de/index.php,0,,,0.7948026
zhw.aba.vg,http://zhw.aba.vg/,0,,,
beautiinthecity.com,https://beautiinthecity.com/error/2020boa/Home/index.php,1,Bank of America,"['bankofamerica.com', 'merrilledge.com']",0.9745126
part.eyrehead.com,https://part.eyrehead.com/plm?pq=ZH9wlG9qbGKclbGlkm1laHZxYKCDomZkaWKjY31y/carsten.krueger%40deinurlaub24.de,1,Amazon,"['amazon.com', 'amazon.se', 'amazon.fr']",0.97968984
massanuttenbikerental.com,http://massanuttenbikerental.com/office/html,1,Microsoft,['microsoft.com'],0.97059524
travelvsem.ru,http://travelvsem.ru/c/at/Indexxatt.htm,1,AT&T,['att.com'],0.91432923
archiestore.co.za,http://archiestore.co.za/wp-content/plugins/Absa/Absa_Payment/_CqMvqmRHpzBVZGlxKpbsfwQTKRNNsBtqhdXsvKhsmtKSQMGStprFPPWgsSfkqrKZFBKmVCFvWLB_/_a4d5885911e7f4ea863ecce180388e169a39e4c714f1a99cb3376c2b706fe0b7a.php?8=&accessToFile=valid&fileAccess=25220&encryptedCookie=cc5dcea535063e842beb2b02d42556ea&u=fe12b46c88728fbfdb88261f1c64e755&connecting=ea9615aa0ad5bda4dceb0db321142960&phaseAccess=6b5e61b4e04cfb3636d8c8eb64286cc6&p=e5b175e7a9c36615835293af13f09b4b,1,Adobe,['adobe.com'],0.9622208
beauty4her.co.za,http://beauty4her.co.za/wp-content/plugins/post/china/logistics/ems.php,1,EMS,['ems.com'],0.94416666
ardillaproducciones.cl,http://ardillaproducciones.cl/wp-includes/theme-compats/adobe/pdfonline/adobe.php?.rand=launch.adobepdfproductsonline.com.aspx,0,,,0.7928068
middough-auth.ga,http://middough-auth.ga/adobe/email/security,0,,,0.7781273
fiuhhgui.cf,https://fiuhhgui.cf/000/nsw/data/UntitledNotebook1.html?run=login_cmd,0,,,0.88223195
98081017037-dot-oppaiwiuwe.rj.r.appspot.com,https://98081017037-dot-oppaiwiuwe.rj.r.appspot.com/,1,Microsoft,['microsoft.com'],0.9292317
ycz9265.000webhostapp.com,https://ycz9265.000webhostapp.com/alibaba/login.alibaba.com/login.alibaba.com/index.htm,1,Alibaba,"['alibaba.com', 'tanx.com']",0.89277303
realestateinvestordatabase.com,http://realestateinvestordatabase.com/wp-content/plugins/portfolio-cpt/tax/login.php,0,,,0.7993984
menon.org.gr,http://menon.org.gr/test,1,Adobe,['adobe.com'],0.9127443
maciel.med.br_duplicate,http://maciel.med.br/wp-includes/images/up/form/confirm.htm,0,,,
95469149680-dot-oppaiwiuwe.rj.r.appspot.com,http://95469149680-dot-oppaiwiuwe.rj.r.appspot.com/,1,Microsoft,['microsoft.com'],0.9292317
animalwelfareinc.org,http://animalwelfareinc.org/wp-content/themes/ado/adobelatest/adbx/home/index.php,1,Adobe,['adobe.com'],0.9622208
cpcontacts.serviceupgrade.ga,http://cpcontacts.serviceupgrade.ga/ionos/authenticate,1,1&1 Ionos,['ionos.com'],0.91255605
alanetterfiles.000webhostapp.com,http://alanetterfiles.000webhostapp.com/,0,,,0.85915536
jaywatsonfiles.000webhostapp.com,http://jaywatsonfiles.000webhostapp.com/,0,,,0.85898906
realestateinvestordatabase.com_duplicate,http://realestateinvestordatabase.com/wp-content/uploads/2019/12/login.php,0,,,0.7993984
www.bossoillwell.com_duplicate,https://www.bossoillwell.com/good/showmessaget/302,0,Adobe,['adobe.com'],0.89439607
mexnoticias.mx,http://mexnoticias.mx/de/cgi/login/?m=ai5sdwvzy2hlckbic2dtymguy29t,1,1&1 Ionos,['ionos.com'],0.9292175
173.82.143.219,http://173.82.143.219/Billing.php,1,Amazon,"['amazon.com', 'amazon.se', 'amazon.fr']",0.9735023
contractcomplianceservices.com,http://contractcomplianceservices.com/tuvera/index.php,1,Adobe,['adobe.com'],0.9689676
signln-eboy.de,https://signln-eboy.de/,1,eBay,['befr.ebay.be'],0.97604424
upliftmepk.com,http://upliftmepk.com/amz5/b8473/,1,Amazon,"['amazon.com', 'amazon.se', 'amazon.fr']",0.97651815
u449222428.ha003.t.justns.ru,http://u449222428.ha003.t.justns.ru/xsuuportx10/profiles/process.php?dispatch=,0,Amazon,"['amazon.com', 'amazon.se', 'amazon.fr']",0.97345287
dallascityhall-inv-auth.tk,http://dallascityhall-inv-auth.tk/adobe/email/invoice,0,,,0.7781273
app-eventdisable.serveirc.com,https://app-eventdisable.serveirc.com/_,0,Apple,"['apple.com', 'icloud.com']",0.89129406
alfazzaland.com_duplicate,http://alfazzaland.com/wp-content/plugins/lnc/lnc/ticket/fdf4111d586f5e286279b9d66/payment.php?ip=129.232.167.211,1,Netflix,['netflix.com'],0.9829457
grgpng.dynu.net,https://grgpng.dynu.net/repairs,1,AT&T,['att.com'],0.94406134
meljackson.net,http://meljackson.net/SharePoint/pdf.php?l=_JeHFUq_VJOXK0QWHtoGYDw_payment-TTcopy,0,,,0.82792574
facebook.market.fireequipmentservicecenter.com,https://facebook.market.fireequipmentservicecenter.com/b63923667b,1,Facebook,['facebook.com'],0.9888762
reberryllla11.com_duplicate,https://reberryllla11.com/ama/mazon/amazon/signin.php,1,Amazon,"['amazon.com', 'amazon.se', 'amazon.fr']",0.97589976
atandtweb.weebly.com,https://atandtweb.weebly.com/,1,AT&T,['att.com'],0.9285332
mail.diyar.uz,http://mail.diyar.uz/192837560311ocKontaktiert3A2F2F2Fws2FISAPIdllFM2MContact26item3D14276952031426requested3Kundenservice-raiuyyuuft.fmd.html,1,eBay,['befr.ebay.be'],0.96989816
loreal.oh-wear.com_duplicate,https://loreal.oh-wear.com/AU/Adobe2019,0,Adobe,['adobe.com'],0.96461385
amazon.co.uk.6l0i.ru,https://amazon.co.uk.6l0i.ru/f/index.php,1,Facebook,['facebook.com'],0.9860491
textlifestylerookiec.gq,http://textlifestylerookiec.gq/documenteOview/rvqjseptt66izwsmtj5rwj6k.php?cmd=_view-details&sssion=ab4e7b8ada765e3998e1c3fed7d1c8b2&dispatch=bd89e176211ca82cac304ab8cb3a144ad7c66202,1,Dropbox,['dropbox.com'],0.98300433
kerimburski.5v.pl,http://kerimburski.5v.pl/,1,Facebook,['facebook.com'],0.954992
dmy.360degreehosting.com,http://dmy.360degreehosting.com/x/veiwonline/AdobeV20/invoice.php/resources/admin/fckeditor/admin/admin/admin/login/adm/files,0,,,0.7273878
proctor0000h.000webhostapp.com,https://proctor0000h.000webhostapp.com/login.php,0,,,0.8077006
lamarzocco.com.pk,http://lamarzocco.com.pk/EMS/EMS%20POST/post/china/logistic/intraship/emss.php,0,,,
accedissl.naptel.net,https://accedissl.naptel.net/sing.ins.ebyson.desdfdff.5rgdfgfdfgd7e42a51529/4c1f00cd117e0f1e8e42a646ccb9ffcc.php,1,eBay,['befr.ebay.be'],0.97604424
footballconvo.co.za,https://footballconvo.co.za/wp-content/Apple-ID.html,1,Apple,"['apple.com', 'icloud.com']",0.93624043
caviarkelp.com,http://caviarkelp.com/adobe/acrobat/view.php,1,Adobe,['adobe.com'],0.9622208
adobe-docs.000webhostapp.com_duplicate,http://adobe-docs.000webhostapp.com/login/sign-in.php,0,,,
raymondreich.com,http://raymondreich.com/quotation/Validation,0,,,0.78135365
m-facebook-profile.item4324853.com_duplicate,https://m-facebook-profile.item4324853.com/7FTltbAd9c,1,Facebook,['facebook.com'],0.9836318
sow101.com,http://sow101.com/new/Adobe%20final%20auto/view/login.php?cmd=login_submit&amp;id=7fdafaf6c0067e107c18d1fc0c2aaa057fdafaf6c0067e107c18d1fc0c2aaa05,0,,,0.7993984
proxima-net.com,http://proxima-net.com/0193/webscr/,1,PayPal,['paypal.com'],0.9844921
azzelia.com,http://azzelia.com/css/ado.htm?cmd=login_submit&amp;id=c6a8f79527e072fb0036c5046c380623c6a8f79527e072fb0036c5046c380623&amp;session=c6a8f79527e072fb0036c5046c380623c6a8f79527e072fb0036c5046c380623,0,,,0.74500877
fbkrelatormarketplace.realtomarkrpopertys.us,https://fbkrelatormarketplace.realtomarkrpopertys.us/view-signin.php?facebook_com=&mUniqueID=906838899,0,,,
passportalibaba.gearhostpreview.com,http://passportalibaba.gearhostpreview.com/alibaba.com/icbu_login.html,1,Alibaba,"['alibaba.com', 'tanx.com']",0.90856874
proyekto-x.com,http://proyekto-x.com/toy/Indexxatt/Indexxatt.htm,1,AT&T,['att.com'],0.94406134
education2019.com,https://education2019.com/mazon/amazon/,1,Amazon,"['amazon.com', 'amazon.se', 'amazon.fr']",0.97651815
lomeshdave.com,http://lomeshdave.com/wp-includes/docx/Kasafinal/fud/d56655bde5f2c0353255b1970a61721d,1,Dropbox,['dropbox.com'],0.9677458
johanlochner-files.000webhostapp.com,http://johanlochner-files.000webhostapp.com/,0,,,0.85898906
arvzsozs.000webhostapp.com,https://arvzsozs.000webhostapp.com/login.htm,1,Facebook,['facebook.com'],0.9674819
centerofbiopolitics.com,https://centerofbiopolitics.com/zx/xca/qw/modifi/modifi/yx/d/indexa.php,1,Microsoft,['microsoft.com'],0.9647279
orthotruth.com,http://orthotruth.com/wp-content/upgrade/applekeystoreKey6781688ltunesconnectkey8913/login/billingcards.php?id=update_payment?457670614ab7780a11b7f5ef8d04187ed2378300386a774fcb134dd92d9fe1d9,1,Apple,"['apple.com', 'icloud.com']",0.9746398
animalwelfareinc.org_duplicate,http://animalwelfareinc.org/wp-content/themes/ado/adobelatest/adbx/home/error.php,1,Adobe,['adobe.com'],0.9524699
being-in-contact.de,https://being-in-contact.de/voice/otk.php?authlink=offb231101,1,Microsoft,['microsoft.com'],0.96725374
track-au.newmagz.com,http://track-au.newmagz.com/ga/click/2-105738506-5019-162469-297725-199357-9373c41463-a17f4c1ae3,0,Amazon,"['amazon.com', 'amazon.se', 'amazon.fr']",0.98128736
beautiinthecity.com_duplicate,https://beautiinthecity.com/error/2020boa/Home/security.php?cmd=_account-details&session=145fe50ac3dba021a11f83c2f6976560&dispatch=b3dd71ed0608bdb2393f9f0c77dc4af7c686a741,1,Bank of America,"['bankofamerica.com', 'merrilledge.com']",0.96912676
smartsolutions.ke,http://smartsolutions.ke/wp-admin/js/post/china/logistic/intraship/emss.php,1,EMS,['ems.com'],0.94416666
joinremi.com,https://joinremi.com/am/chinaEMS/china/logistic/intraship/emss.php?l=_JeHFUq_VJOXK0QWHtoGYDw1774256418&fid.13InboxLight.aspxn.1774256418&fid.125289964252813InboxLight99642_Product-email&email=kys41111@hanmail.net,1,EMS,['ems.com'],0.94416666
effafrica.org_duplicate,https://effafrica.org/wp-content/redirection/Netflix_update/d6baf65e0b240ce177cf70da146c8dc8/signin.php?country=US-United+States&amp;lang=en,1,Netflix,['netflix.com'],0.9887069
att.jpdmi.com,https://att.jpdmi.com/2019/500255-LP/index.php?acct=915902553,1,AT&T,['att.com'],0.9404306
unionheightsresidental.com,http://unionheightsresidental.com/file,1,Adobe,['adobe.com'],0.9689676
thelegacywb-web-inv.tk,https://thelegacywb-web-inv.tk/adobe/PDF/security/,0,,,0.7781273
reberryllla11.com,http://reberryllla11.com/ama/mazon/amazon/,1,Amazon,"['amazon.com', 'amazon.se', 'amazon.fr']",0.97651815
rangsltdinventory.com,https://rangsltdinventory.com/wp-sales/1/cmd-login=605754a1308a2bdf98ccdc9e2b21f3cd/index.php,1,1&1 Ionos,['ionos.com'],0.96585894
auditorycornelia.com,https://auditorycornelia.com/404.shtml,1,Microsoft,['microsoft.com'],0.9669884
facebook.kangleigeeks.in,http://facebook.kangleigeeks.in/,1,Facebook,['facebook.com'],0.98360133
siffjeddah.com,http://siffjeddah.com/upload/login.alibaba/images/login.htm,0,,,
adobe.com.uhat.tk,https://adobe.com.uhat.tk/rqz0hd4nlv6j/Validation,0,,,0.7829293
auth-owa-77.uc.r.appspot.com,https://auth-owa-77.uc.r.appspot.com/owanew.html,1,Microsoft,['microsoft.com'],0.9292317
35.247.31.95_duplicate,http://35.247.31.95/go/e1eeed8eee13f5554c38a512a/update/complete.php?ip=84.92.134.195,0,Netflix,['netflix.com'],0.9876647
effafrica.org,https://effafrica.org/wp-content/redirection/Netflix_update/706bf9581a8f1747195e5c190835a9bc/signin.php?country=US-United+States&amp;lang=en,1,Netflix,['netflix.com'],0.9887069
passportabaitbacom.000webhostapp.com,https://passportabaitbacom.000webhostapp.com/Ali--S/alibaba/Login.htm,1,Alibaba,"['alibaba.com', 'tanx.com']",0.9475212
smartcloudfiles-2020.nw.r.appspot.com,https://smartcloudfiles-2020.nw.r.appspot.com/index.html,0,Microsoft,['microsoft.com'],0.95293444
www.indataxistnd.com,http://www.indataxistnd.com/wake/Adobe2.php,0,,,0.77573335
toldoselosegui.fr,http://toldoselosegui.fr/Applesuccuresuppport/apple1/id/qplod/login-info-id/uplod/bloked/verify/card.php,1,Apple,"['apple.com', 'icloud.com']",0.95714855
asmonzs.000webhostapp.com,https://asmonzs.000webhostapp.com/ap-login.htm,1,Facebook,['facebook.com'],0.9674819
staging.zoelifespasalon.com,http://staging.zoelifespasalon.com/wp/wp-content/wpp/owa/uvic/uvic.html,1,Microsoft,['microsoft.com'],0.93173164
czystek.net.pl,http://czystek.net.pl/hilfe/blue,0,,,0.72998524
my-type.nichost.ru_duplicate,http://my-type.nichost.ru/includes/www.netflix.com/desktop/conta/inicio119290181912.php?tork=4FENRJ8L4FEN-NO8H-4FENNO8HNO8H-YCIBNO8H,1,Netflix,['netflix.com'],0.98386556
sercarindustriales.cl,http://sercarindustriales.cl/AT/att,1,AT&T,['att.com'],0.89996946
paypal-verification.applmanager.com,http://paypal-verification.applmanager.com/customer_center/user-434651/,1,PayPal,['paypal.com'],0.94690406
diyar.uz,https://diyar.uz/192837560311ocKontaktiert3A2F2F2Fws2FISAPIdllFM2MContact26item3D14276952031426requested3Kundenservice-raiuyyuuft.fmd.html,1,eBay,['befr.ebay.be'],0.96989816
nightvision.tech,http://nightvision.tech/assets/formoid/categories/catalogues/view/show,1,Adobe,['adobe.com'],0.9127443
35.247.31.95,http://35.247.31.95/go/2958ae6ba5e57d755adfa91e9/update/complete.php?ip=103.62.48.227,0,Netflix,['netflix.com'],0.9876647
owawebappv5.nw.r.appspot.com,https://owawebappv5.nw.r.appspot.com/login.php?email_&amp;cas.cloudplatform1.com/owa/auth/logon.aspx?replaceCurrent_1&amp;url_https://cas.cloudplatform1.com/owa,1,Microsoft,['microsoft.com'],0.9292317
bluebonneths-web-doc.cf,https://bluebonneths-web-doc.cf/adobe/email/security,0,,,0.7781273
netflix.support.recovery-mode-vls.com,https://netflix.support.recovery-mode-vls.com/Files/Login.php,1,Netflix,['netflix.com'],0.98502696
froliclee.000webhostapp.com,http://froliclee.000webhostapp.com/,0,,,
f0460516.xsph.ru,http://f0460516.xsph.ru/EMS/ni/emss.php,1,EMS,['ems.com'],0.94416666
news.svnhforum.com,http://news.svnhforum.com/wp-content/plugins/legend/brain/login/,1,1&1 Ionos,['ionos.com'],0.9161162
qedmessaging.net,http://qedmessaging.net/stmark/profiles/lesting/serv/login/login.php,1,PayPal,['paypal.com'],0.94344896
etisalatebills.com,http://etisalatebills.com/ADOBE_YEAR_2017,0,,,0.82189786
fb.com3v.casa,https://fb.com3v.casa/cmd-login=ad90600b0d2ee206a14226ace2fb0cce/?reff=YTA5MWIyZWM0OTU2ZjM2ZTYyNmMzZTcxYmQ2OTQ1Nzg=&urlmoving=946582752,1,Facebook,['facebook.com'],0.98892945
medicalspaskincare.com,https://medicalspaskincare.com/purchase%20order/a/a/a/index-2.html,1,Adobe,['adobe.com'],0.9293225
m-facebook-profile.item4324853.com,https://m-facebook-profile.item4324853.com/jXxJPh6MpS,1,Facebook,['facebook.com'],0.9836318
nmosina.ru,http://nmosina.ru/alibaba/ALIBABA/9ab877e8df0b6e043eab0b5266796a69,1,Alibaba,"['alibaba.com', 'tanx.com']",0.9310446
mustafayedikardes.com.tr,http://mustafayedikardes.com.tr/aspnet_client/web/today_oneD/today_oneD/today_oneD/today_oneD/,0,Microsoft,['microsoft.com'],0.96380687
marketplace-item764533.com,http://marketplace-item764533.com/m.html,1,Facebook,['facebook.com'],0.988883
americaneedsfatima.net,http://americaneedsfatima.net/bridge/bein/net/service/d1712fbb2c934fd85fd0e6f49/complete.php?ip=177.154.139.202,0,Netflix,['netflix.com'],0.9876647
andygagnephotography.com,https://andygagnephotography.com/mazon/33b03/,1,Amazon,"['amazon.com', 'amazon.se', 'amazon.fr']",0.97651815
mh7dkvpu.myutilitydomain.com,http://mh7dkvpu.myutilitydomain.com/auth/c550593453918f32b5435a7a50edd670/confirm.php,1,Bank of America,"['bankofamerica.com', 'merrilledge.com']",0.9751007
sh-sunvvard.com,https://sh-sunvvard.com/china/logistic/intraship/emss.php?l=_JeHFUq_VJOXK0QWHtoGYDw1774256418&fid.13InboxLight.aspxn.1774256418&fid.125289964252813InboxLight99642_Product-email&email=expovproductionsnet,1,EMS,['ems.com'],0.94416666
mail.luckyspinpubgs13.eventpubgm11.com,https://mail.luckyspinpubgs13.eventpubgm11.com/login/facebook/,1,Facebook,['facebook.com'],0.9606229
paulmitchellforcongress.com_duplicate,http://paulmitchellforcongress.com/wp-content/languages/login.php?=,0,,,0.7993984
247forrent.com,http://247forrent.com/online/login.alibaba-com/online/login.alibaba/Login.htm,1,Alibaba,"['alibaba.com', 'tanx.com']",0.94280535
login.live.com.office.flagstarbancorp.myshn.net_duplicate,https://login.live.com.office.flagstarbancorp.myshn.net/gls.srf?urlID=MSNPrivacyStatement&mkt=EN-US&vv=1600&uaid=0bba6edf82de4d0488fd3d7255e54bf6,0,Microsoft,['microsoft.com'],0.96774226
linksverified.uk,http://linksverified.uk/www.ebay.co.uk/itm/view/113839488478/,1,eBay,['befr.ebay.be'],0.97191423
c.ksc.ac.kr,http://c.ksc.ac.kr/fu/files/htm/www.loginalibaba.com/alibaba/alibaba/login.alibaba.com.php,1,Alibaba,"['alibaba.com', 'tanx.com']",0.9580557
cms.bosna-s.ba,http://cms.bosna-s.ba/clients/exception.php,0,,,0.8352951
sopes.dns-cloud.net,http://sopes.dns-cloud.net/com/adope/index.htm,0,,,0.7829293
drobpox-business-sharedcomfiles.000webhostapp.com,http://drobpox-business-sharedcomfiles.000webhostapp.com/files/Dropbox_file,1,Dropbox,['dropbox.com'],0.87108403
docusignsecuredocuadmin.weebly.com,https://docusignsecuredocuadmin.weebly.com/,0,,,0.6847856
eprajournals.org,https://eprajournals.org/secured/workforce/microsoft/index.php,0,Microsoft,['microsoft.com'],0.9346722
junkremovalheroestn.com,http://junkremovalheroestn.com/pdz/,0,,,0.7829293
fb-page-real-estate-id.112101352139706-propertyrentals.com,http://fb-page-real-estate-id.112101352139706-propertyrentals.com/,1,Facebook,['facebook.com'],0.9832494
loreal.oh-wear.com,http://loreal.oh-wear.com/law/Adobe2019,0,Adobe,['adobe.com'],0.96461385
archii.org,https://archii.org/secured/workplace/index.php,0,Microsoft,['microsoft.com'],0.96380687
